1706 RITTENHOUSE SQ,201
1706 RITTENHOUSE SQ,2101
1706 RITTENHOUSE SQ,2201
1706 RITTENHOUSE SQ,2301
1706 RITTENHOUSE SQ,2401
1706 RITTENHOUSE SQ,2701
1706 RITTENHOUSE SQ,2801
1706 RITTENHOUSE SQ,2901
1706 RITTENHOUSE SQ,301
1706 RITTENHOUSE SQ,3100
1706 RITTENHOUSE SQ,401
1706 RITTENHOUSE SQ,402
1706 RITTENHOUSE SQ,501
1706 RITTENHOUSE SQ,502
1706 RITTENHOUSE SQ,601
1706 RITTENHOUSE SQ,701
1706 RITTENHOUSE SQ,801
1706 RITTENHOUSE SQ,901
1806 RITTENHOUSE SQ,1702
1810 RITTENHOUSE SQ,1002
1810 RITTENHOUSE SQ,1004
1810 RITTENHOUSE SQ,1005
1810 RITTENHOUSE SQ,1008
1810 RITTENHOUSE SQ,1011
1810 RITTENHOUSE SQ,1012
1810 RITTENHOUSE SQ,1104
1810 RITTENHOUSE SQ,1106
1810 RITTENHOUSE SQ,1107
1810 RITTENHOUSE SQ,1201
1810 RITTENHOUSE SQ,1209
1810 RITTENHOUSE SQ,1211
1810 RITTENHOUSE SQ,1404
1810 RITTENHOUSE SQ,1405
1810 RITTENHOUSE SQ,1406
1810 RITTENHOUSE SQ,1409
1810 RITTENHOUSE SQ,1411
1810 RITTENHOUSE SQ,1412
1810 RITTENHOUSE SQ,1502
1810 RITTENHOUSE SQ,1503
1810 RITTENHOUSE SQ,1505
1810 RITTENHOUSE SQ,1602
1810 RITTENHOUSE SQ,1603
1810 RITTENHOUSE SQ,1605
1810 RITTENHOUSE SQ,1606
1810 RITTENHOUSE SQ,1607
1810 RITTENHOUSE SQ,1608
1810 RITTENHOUSE SQ,1610
1810 RITTENHOUSE SQ,1701
1810 RITTENHOUSE SQ,1703
1810 RITTENHOUSE SQ,1708
1810 RITTENHOUSE SQ,1801
1810 RITTENHOUSE SQ,1803
1810 RITTENHOUSE SQ,1806
1810 RITTENHOUSE SQ,1807
1810 RITTENHOUSE SQ,1810
1810 RITTENHOUSE SQ,1905
1810 RITTENHOUSE SQ,1910
1810 RITTENHOUSE SQ,2005
1810 RITTENHOUSE SQ,2006
1810 RITTENHOUSE SQ,2009
1810 RITTENHOUSE SQ,204
1810 RITTENHOUSE SQ,205
1810 RITTENHOUSE SQ,206
1810 RITTENHOUSE SQ,207
1810 RITTENHOUSE SQ,208
1810 RITTENHOUSE SQ,209
1810 RITTENHOUSE SQ,210
1810 RITTENHOUSE SQ,2102
1810 RITTENHOUSE SQ,2103
1810 RITTENHOUSE SQ,2104
1810 RITTENHOUSE SQ,2108
1810 RITTENHOUSE SQ,2110
1810 RITTENHOUSE SQ,301
1810 RITTENHOUSE SQ,302
1810 RITTENHOUSE SQ,303
1810 RITTENHOUSE SQ,304
1810 RITTENHOUSE SQ,306
1810 RITTENHOUSE SQ,310
1810 RITTENHOUSE SQ,311
1810 RITTENHOUSE SQ,312
1810 RITTENHOUSE SQ,313
1810 RITTENHOUSE SQ,402
1810 RITTENHOUSE SQ,403
1810 RITTENHOUSE SQ,405
1810 RITTENHOUSE SQ,406
1810 RITTENHOUSE SQ,408
1810 RITTENHOUSE SQ,411
1810 RITTENHOUSE SQ,504
1810 RITTENHOUSE SQ,505
1810 RITTENHOUSE SQ,506
1810 RITTENHOUSE SQ,507
1810 RITTENHOUSE SQ,508
1810 RITTENHOUSE SQ,509
1810 RITTENHOUSE SQ,510
1810 RITTENHOUSE SQ,513
1810 RITTENHOUSE SQ,603
1810 RITTENHOUSE SQ,604
1810 RITTENHOUSE SQ,607
1810 RITTENHOUSE SQ,608
1810 RITTENHOUSE SQ,612
1810 RITTENHOUSE SQ,703
1810 RITTENHOUSE SQ,711
1810 RITTENHOUSE SQ,712
1810 RITTENHOUSE SQ,713
1810 RITTENHOUSE SQ,801
1810 RITTENHOUSE SQ,802
1810 RITTENHOUSE SQ,807
1810 RITTENHOUSE SQ,808
1810 RITTENHOUSE SQ,810
1810 RITTENHOUSE SQ,905
1810 RITTENHOUSE SQ,906
1810 RITTENHOUSE SQ,907
1810 RITTENHOUSE SQ,909
1810 RITTENHOUSE SQ,910
1810 RITTENHOUSE SQ,911
1813 SPRUCE ST,1F
1813 SPRUCE ST,1R
1813 SPRUCE ST,2F
1813 SPRUCE ST,2R
1813 SPRUCE ST,3F
1813 SPRUCE ST,3R
1813 SPRUCE ST,4R
1820 RITTENHOUSE SQ,1001
1820 RITTENHOUSE SQ,1002
1820 RITTENHOUSE SQ,1101
1820 RITTENHOUSE SQ,1102
1820 RITTENHOUSE SQ,1201
1820 RITTENHOUSE SQ,1202
1820 RITTENHOUSE SQ,1401
1820 RITTENHOUSE SQ,1402
1820 RITTENHOUSE SQ,1501
1820 RITTENHOUSE SQ,1502
1820 RITTENHOUSE SQ,1601
1820 RITTENHOUSE SQ,1602
1820 RITTENHOUSE SQ,1701
1820 RITTENHOUSE SQ,1702
1820 RITTENHOUSE SQ,1802
1820 RITTENHOUSE SQ,301
1820 RITTENHOUSE SQ,302
1820 RITTENHOUSE SQ,401
1820 RITTENHOUSE SQ,402
1820 RITTENHOUSE SQ,501
1820 RITTENHOUSE SQ,502
1820 RITTENHOUSE SQ,601
1820 RITTENHOUSE SQ,602
1820 RITTENHOUSE SQ,701
1820 RITTENHOUSE SQ,702
1820 RITTENHOUSE SQ,801
1820 RITTENHOUSE SQ,802
1820 RITTENHOUSE SQ,901
1820 RITTENHOUSE SQ,902
1820 RITTENHOUSE SQ,PH1
1820 RITTENHOUSE SQ,PH2
1821 SPRUCE ST,1
1821 SPRUCE ST,2
1821 SPRUCE ST,3
1821 SPRUCE ST,4
1821 SPRUCE ST,5
1830 RITTENHOUSE SQ,10A
1830 RITTENHOUSE SQ,10B
1830 RITTENHOUSE SQ,11A
1830 RITTENHOUSE SQ,11C
1830 RITTENHOUSE SQ,12A
1830 RITTENHOUSE SQ,12B
1830 RITTENHOUSE SQ,12C
1830 RITTENHOUSE SQ,12D
1830 RITTENHOUSE SQ,14A
1830 RITTENHOUSE SQ,14B
1830 RITTENHOUSE SQ,15A
1830 RITTENHOUSE SQ,15B
1830 RITTENHOUSE SQ,16A
1830 RITTENHOUSE SQ,16B
1830 RITTENHOUSE SQ,16C
1830 RITTENHOUSE SQ,17A
1830 RITTENHOUSE SQ,17B
1830 RITTENHOUSE SQ,17C
1830 RITTENHOUSE SQ,19A
1830 RITTENHOUSE SQ,19B
1830 RITTENHOUSE SQ,1A
1830 RITTENHOUSE SQ,1B
1830 RITTENHOUSE SQ,1C
1830 RITTENHOUSE SQ,1D
1830 RITTENHOUSE SQ,1E
1830 RITTENHOUSE SQ,2A
1830 RITTENHOUSE SQ,2B
1830 RITTENHOUSE SQ,2C
1830 RITTENHOUSE SQ,2D
1830 RITTENHOUSE SQ,3A
1830 RITTENHOUSE SQ,3B
1830 RITTENHOUSE SQ,4A
1830 RITTENHOUSE SQ,4B
1830 RITTENHOUSE SQ,5A
1830 RITTENHOUSE SQ,5B
1830 RITTENHOUSE SQ,6A
1830 RITTENHOUSE SQ,6B
1830 RITTENHOUSE SQ,7A
1830 RITTENHOUSE SQ,7B
1830 RITTENHOUSE SQ,7C
1830 RITTENHOUSE SQ,8A
1830 RITTENHOUSE SQ,8B
1830 RITTENHOUSE SQ,8C
1830 RITTENHOUSE SQ,9A
1830 RITTENHOUSE SQ,9B
1830 RITTENHOUSE SQ,9C
1900 RITTENHOUSE SQ,10AA
1900 RITTENHOUSE SQ,10B
1900 RITTENHOUSE SQ,10C
1900 RITTENHOUSE SQ,11A
1900 RITTENHOUSE SQ,11B
1900 RITTENHOUSE SQ,12A
1900 RITTENHOUSE SQ,12B
1900 RITTENHOUSE SQ,13A
1900 RITTENHOUSE SQ,13B
1900 RITTENHOUSE SQ,14A
1900 RITTENHOUSE SQ,14B
1900 RITTENHOUSE SQ,15A
1900 RITTENHOUSE SQ,15B
1900 RITTENHOUSE SQ,16A
1900 RITTENHOUSE SQ,16B
1900 RITTENHOUSE SQ,16C